<?xml version="1.0" encoding="utf-8"?>
<Configuration>
	<Payload adobeCode="{PHSP-23.5-64-ADBEADBEADBEADBEADBEADB}">
		<Data key="AMTConfigPath">C:\Program Files\Adobe\Adobe Photoshop 2022\AMT\application.xml</Data><Data key="APPLICATION_CUSTOMIZATION_DATA">SuppressSerialWF</Data><Data key="BridgeTalkCode">/adobe/bridgetalk/photoshop-160.064</Data><Data key="DefaultDriverPayload">{PHSP-23.5-64-ADBEADBEADBEADBEADBEADB}</Data><Data key="InstallDate">1663249295</Data><Data key="ProductVersion">23.5</Data><Data key="SAPCode">PHSP</Data><Data key="defaultAdobeCode">{PHSP-23.5-64-ADBEADBEADBEADBEADBEADB}</Data><Data key="driverAMTConfigPath">C:\Program Files\Adobe\Adobe Photoshop 2022\AMT\application.xml</Data><Data key="driverLEID">V7{}Photoshop-22-Win-GM</Data><Data key="installedLanguages">ru_RU</Data></Payload>
	<Other adobeCode="/adobe/bridgetalk/photoshop-160.064">
		<Data key="Specifier">photoshop-160.064</Data>
		<Data key="ExecutableBasename">Photoshop</Data>
		<Data key="BundleIdentifier">com.adobe.Photoshop</Data>
		<Data key="DisplayName">Adobe Photoshop 2022</Data>
		<Data key="BridgeTalkVersion">2</Data>
		<Data key="SupportsESTK">true</Data>
	</Other>
	<Other adobeCode="/adobe/bridgetalk/groups">
		<Data key="Group190">/adobe/bridgetalk/groups/cs/160/bridge-12.*</Data>
		<Data key="Group191">/adobe/bridgetalk/groups/cs/160/photoshop-160.*</Data>
		<Data key="Group192">/adobe/bridgetalk/groups/cs/160/estoolkit-4.0</Data>
	</Other>
</Configuration>
